Type,Name,Request Count,Failure Count,Median Response Time,Average Response Time,Min Response Time,Max Response Time,Average Content Size,Requests/s,Failures/s,50%,66%,75%,80%,90%,95%,98%,99%,99.9%,99.99%,100%
POST,/api/logs/quizzes/stages,307,0,260.0,314.1584048467724,26.865124993491918,938.403540989384,676.0,18.033794847122763,0.0,260,360,420,470,640,710,790,820,940,940,940
GET,/s24,79,0,850.0,842.4082484182495,116.02029101049993,1530.888875000528,21110.936708860758,4.640618217989245,0.0,850,1000,1100,1200,1400,1500,1500,1500,1500,1500,1500
,Aggregated,386,0,320.0,422.2717148005203,26.865124993491918,1530.888875000528,4858.279792746114,22.67441306511201,0.0,320,450,590,670,870,1100,1400,1500,1500,1500,1500
