Type,Name,Request Count,Failure Count,Median Response Time,Average Response Time,Min Response Time,Max Response Time,Average Content Size,Requests/s,Failures/s,50%,66%,75%,80%,90%,95%,98%,99%,99.9%,99.99%,100%
POST,/api/logs/quizzes/stages,43150,43150,220.0,245.4361370052718,132.35912506934255,1962.5700420001522,42.01297798377752,226.64089288720513,226.64089288720513,220,250,270,290,340,410,570,740,1100,1500,2000
GET,/s25,10685,3,1200.0,1382.818298424695,166.0951250232756,5030.505875009112,11595.777632194666,56.12185261876679,0.01575718838149746,1200,1600,1800,1900,2300,2700,3100,3400,4500,4900,5000
,Aggregated,53835,43153,240.0,471.1801398801014,132.35912506934255,5030.505875009112,2335.167530417015,282.7627455059719,226.65665007558664,240,300,380,600,1200,1800,2300,2700,3700,4800,5000
