Type,Name,Request Count,Failure Count,Median Response Time,Average Response Time,Min Response Time,Max Response Time,Average Content Size,Requests/s,Failures/s,50%,66%,75%,80%,90%,95%,98%,99%,99.9%,99.99%,100%
GET,/api/logs/quizzes/sets?user_id=9032d015-86ae-4056-9fef-36adca43d897&campaign_name=s25,2227,1,1100.0,1110.618342671757,23.858208005549386,2612.130833993433,3798.348450830714,18.654241645344328,0.00837639948151968,1100,1300,1300,1400,1600,1700,1900,2000,2500,2600,2600
GET,/s25/login,745,0,130.0,218.20773232352042,43.068041995866224,2136.1545419931645,21638.922147651007,6.240417613732162,0.0,130,210,280,360,450,580,830,1100,2100,2100,2100
,Aggregated,2972,1,960.0,886.915144586482,23.858208005549386,2612.130833993433,8270.497644683715,24.894659259076487,0.00837639948151968,960,1200,1300,1300,1500,1700,1800,1900,2500,2600,2600
