Type,Name,Request Count,Failure Count,Median Response Time,Average Response Time,Min Response Time,Max Response Time,Average Content Size,Requests/s,Failures/s,50%,66%,75%,80%,90%,95%,98%,99%,99.9%,99.99%,100%
GET,/api/logs/quizzes/sets?user_id=9032d015-86ae-4056-9fef-36adca43d897&campaign_name=s25&nocache=%7Btimestamp%7D,2246,0,1200.0,1137.6429089580201,75.18829200125765,1920.0239170022542,3800.0,18.832097847131173,0.0,1200,1300,1400,1400,1500,1600,1700,1700,1900,1900,1900
GET,/s25/login,736,0,99,163.32120525950577,44.986167005845346,1619.773582991911,21638.487771739132,6.171159401375131,0.0,99,130,160,190,300,630,820,1000,1600,1600,1600
,Aggregated,2982,0,1000.0,897.166458950607,44.986167005845346,1920.0239170022542,8202.79242119383,25.003257248506305,0.0,1000,1200,1300,1300,1500,1600,1700,1700,1900,1900,1900
