{
  "NAT_2840": {
    "ff": 362.0,
    "fsm": 42000.0,
    "ffSes": 0,
    "fsmSes": 0
  },
  "NAT_7000": {
    "ff": 43.0,
    "fsm": 4127.0,
    "ffSes": 0,
    "fsmSes": 111.0
  },
  "NAT_2008": {
    "ff": 13.3939393939394,
    "fsm": 303.939393939394,
    "ffSes": 1.2020202020202,
    "fsmSes": 1.54545454545455
  },
  "NAT_2070": {
    "ff": 8.66666666666667,
    "fsm": 196.666666666667,
    "ffSes": 0.777777777777778,
    "fsmSes": 1.0
  },
  "NAT_2191": {
    "ff": 14.1818181818182,
    "fsm": 321.818181818182,
    "ffSes": 1.27272727272727,
    "fsmSes": 1.63636363636364
  },
  "NAT_2807": {
    "ff": 4.72727272727273,
    "fsm": 107.272727272727,
    "ffSes": 0.424242424242424,
    "fsmSes": 0.545454545454545
  },
  "NAT_2688": {
    "ff": 22.0606060606061,
    "fsm": 500.606060606061,
    "ffSes": 1.97979797979798,
    "fsmSes": 2.54545454545455
  },
  "NAT_2705": {
    "ff": 14.969696969697,
    "fsm": 339.69696969697,
    "ffSes": 1.34343434343434,
    "fsmSes": 1.72727272727273
  },
  "NAT_2040": {
    "ff": 48.0,
    "fsm": 279.0,
    "ffSes": 0.0,
    "fsmSes": 0.0
  },
  "NAT_2756": {
    "ff": 30.0,
    "fsm": 220.0,
    "ffSes": 0.0,
    "fsmSes": 0.0
  },
  "NAT_2233": {
    "ff": 4.73913043478261,
    "fsm": 136.644927536232,
    "ffSes": 0.0,
    "fsmSes": 6.16086956521739
  },
  "NAT_2428": {
    "ff": 10.0,
    "fsm": 288.333333333333,
    "ffSes": 0.0,
    "fsmSes": 13.0
  },
  "NAT_2440": {
    "ff": 15.2608695652174,
    "fsm": 440.021739130435,
    "ffSes": 0.0,
    "fsmSes": 19.8391304347826
  },
  "NAT_2203": {
    "ff": 28.8,
    "fsm": 579.2,
    "ffSes": 0.0,
    "fsmSes": 56.8
  },
  "NAT_2703": {
    "ff": 7.2,
    "fsm": 144.8,
    "ffSes": 0.0,
    "fsmSes": 14.2
  },
  "NAT_2250": {
    "ff": 105.0,
    "fsm": 1999.0,
    "ffSes": 40.0,
    "fsmSes": 0
  },
  "NAT_2276": {
    "ff": 462.0,
    "fsm": 5247.0,
    "ffSes": 0,
    "fsmSes": 0
  },
  "NAT_2300": {
    "ff": 0.771428571428571,
    "fsm": 10.6285714285714,
    "ffSes": 0.0,
    "fsmSes": 0.0
  },
  "NAT_19602": {
    "ff": 44.2285714285714,
    "fsm": 609.371428571429,
    "ffSes": 0.0,
    "fsmSes": 0.0
  },
  "NAT_2348": {
    "ff": 32.0,
    "fsm": 341.0,
    "ffSes": 10.0,
    "fsmSes": 46.0
  },
  "NAT_2380": {
    "ff": 262.0,
    "fsm": 1305.0,
    "ffSes": 1.0,
    "fsmSes": 10.0
  },
  "NAT_2620": {
    "ff": 58.0,
    "fsm": 553.0,
    "ffSes": 0.0,
    "fsmSes": 34.0
  },
  "NAT_2724": {
    "ff": 268.0,
    "fsm": 2508.0,
    "ffSes": 42.0,
    "fsmSes": 0.0
  },
  "NAT_021501": {
    "ff": 23.586387434555,
    "fsm": 599.094240837696,
    "ffSes": 0.0,
    "fsmSes": 0.0
  },
  "NAT_021502": {
    "ff": 8.24607329842932,
    "fsm": 209.450261780105,
    "ffSes": 0.0,
    "fsmSes": 0.0
  },
  "NAT_021503": {
    "ff": 5.96858638743455,
    "fsm": 151.602094240838,
    "ffSes": 0.0,
    "fsmSes": 0.0
  },
  "NAT_021504": {
    "ff": 2.19895287958115,
    "fsm": 55.8534031413613,
    "ffSes": 0.0,
    "fsmSes": 0.0
  },
  "NAT_2616": {
    "ff": 178.0,
    "fsm": 1407.0,
    "ffSes": 0,
    "fsmSes": 134.0
  },
  "NAT_2100": {
    "ff": 33.870253164557,
    "fsm": 1224.16772151899,
    "ffSes": 3.07911392405063,
    "fsmSes": 19.3544303797468
  },
  "NAT_2642": {
    "ff": 43.129746835443,
    "fsm": 1558.83227848101,
    "ffSes": 3.92088607594937,
    "fsmSes": 24.6455696202532
  },
  "NAT_021505": {
    "ff": 102.0,
    "fsm": 14375.0,
    "ffSes": 258.0,
    "fsmSes": 258.0
  },
  "OrgCode-7": {
    "ff": 859.0,
    "fsm": 2541.0,
    "ffSes": 0,
    "fsmSes": 0
  },
  "NAT_2398": {
    "ff": 327.67215815486,
    "fsm": 473.849258649094,
    "ffSes": 0.0,
    "fsmSes": 0.0
  },
  "NAT_41702": {
    "ff": 5.50247116968699,
    "fsm": 7.95716639209226,
    "ffSes": 0.0,
    "fsmSes": 0.0
  },
  "NAT_76202": {
    "ff": 0.825370675453048,
    "fsm": 1.19357495881384,
    "ffSes": 0.0,
    "fsmSes": 0.0
  },
  "NAT_2860": {
    "ff": 122.0,
    "fsm": 870.0,
    "ffSes": 0,
    "fsmSes": 0
  },
  "NAT_2156": {
    "ff": 0,
    "fsm": 2027.0,
    "ffSes": 0,
    "fsmSes": 0
  },
  "NAT_2344": {
    "ff": 235.0,
    "fsm": 642.0,
    "ffSes": 43.0,
    "fsmSes": 30.0
  },
  "NAT_2158": {
    "ff": 153.0,
    "fsm": 2967.0,
    "ffSes": 25.0,
    "fsmSes": 302.0
  },
  "NAT_2704": {
    "ff": 2324.0,
    "fsm": 4062.0,
    "ffSes": 28.0,
    "fsmSes": 0
  },
  "NAT_051001": {
    "ff": 114.0,
    "fsm": 826.0,
    "ffSes": 138.0,
    "fsmSes": 0
  },
  "NAT_2360": {
    "ff": 6997.0,
    "fsm": 8891.0,
    "ffSes": 615.0,
    "fsmSes": 827.0
  },
  "NAT_2554": {
    "ff": 11.0,
    "fsm": 829.0,
    "ffSes": 0,
    "fsmSes": 0
  },
  "NAT_2608": {
    "ff": 1621.0,
    "fsm": 1639.0,
    "ffSes": 215.0,
    "fsmSes": 584.0
  },
  "NAT_2702": {
    "ff": 22.0,
    "fsm": 328.0,
    "ffSes": 15.0,
    "fsmSes": 51.0
  },
  "NAT_2458": {
    "ff": 345.0,
    "fsm": 1310.0,
    "ffSes": 60.0,
    "fsmSes": 345.0
  },
  "NAT_2116": {
    "ff": 115.0,
    "fsm": 169.0,
    "ffSes": 0.0,
    "fsmSes": 0.0
  },
  "NAT_2418": {
    "ff": 89.0,
    "fsm": 150.0,
    "ffSes": 0.0,
    "fsmSes": 0.0
  },
  "NAT_3004": {
    "ff": 500.0,
    "fsm": 475.0,
    "ffSes": 38.0,
    "fsmSes": 0.0
  },
  "NAT_2764": {
    "ff": 1807.0,
    "fsm": 578.0,
    "ffSes": 224.0,
    "fsmSes": 409.0
  },
  "NAT_2050": {
    "ff": 40.0,
    "fsm": 0,
    "ffSes": 20.0,
    "fsmSes": 20.0
  },
  "NAT_060401": {
    "ff": 269.0,
    "fsm": 0,
    "ffSes": 15.0,
    "fsmSes": 0
  },
  "NAT_2356": {
    "ff": 21793.0,
    "fsm": 0,
    "ffSes": 2011.0,
    "fsmSes": 0
  },
  "NAT_2144": {
    "ff": 0,
    "fsm": 0,
    "ffSes": 10.0,
    "fsmSes": 6.0
  },
  "NAT_37602": {
    "ff": 14.5789473684211,
    "fsm": 67.0631578947368,
    "ffSes": 0.0,
    "fsmSes": 102.052631578947
  },
  "NAT_2275": {
    "ff": 0.421052631578947,
    "fsm": 1.93684210526316,
    "ffSes": 0.0,
    "fsmSes": 2.94736842105263
  },
  "NAT_2400": {
    "ff": 94.9064748201439,
    "fsm": 124.564748201439,
    "ffSes": 1.39568345323741,
    "fsmSes": 0.0
  },
  "NAT_2368": {
    "ff": 160.460431654676,
    "fsm": 210.604316546763,
    "ffSes": 2.35971223021583,
    "fsmSes": 0.0
  },
  "NAT_2422": {
    "ff": 16.6330935251799,
    "fsm": 21.8309352517986,
    "ffSes": 0.244604316546763,
    "fsmSes": 0.0
  },
  "NAT_2012": {
    "ff": 0.0,
    "fsm": 0.0,
    "ffSes": 0.0,
    "fsmSes": 0.0
  },
  "NAT_2504": {
    "ff": 204.0,
    "fsm": 303.0,
    "ffSes": 36.0,
    "fsmSes": 25.0
  },
  "NAT_2788": {
    "ff": 40.0,
    "fsm": 40.0,
    "ffSes": 10.0,
    "fsmSes": 10.0
  },
  "NAT_2682": {
    "ff": 213.0,
    "fsm": 440.0,
    "ffSes": 6.0,
    "fsmSes": 12.0
  },
  "NAT_2792": {
    "ff": 415.0,
    "fsm": 1161.0,
    "ffSes": 12.0,
    "fsmSes": 112.0
  },
  "NAT_2784": {
    "ff": 120.653658536585,
    "fsm": 239.687804878049,
    "ffSes": 59.9219512195122,
    "fsmSes": 40.4878048780488
  },
  "NAT_2048": {
    "ff": 42.8829268292683,
    "fsm": 85.190243902439,
    "ffSes": 21.2975609756098,
    "fsmSes": 14.390243902439
  },
  "NAT_2414": {
    "ff": 55.2390243902439,
    "fsm": 109.736585365854,
    "ffSes": 27.4341463414634,
    "fsmSes": 18.5365853658537
  },
  "NAT_2512": {
    "ff": 35.6146341463415,
    "fsm": 70.7512195121951,
    "ffSes": 17.6878048780488,
    "fsmSes": 11.9512195121951
  },
  "NAT_2634": {
    "ff": 43.609756097561,
    "fsm": 86.6341463414634,
    "ffSes": 21.6585365853659,
    "fsmSes": 14.6341463414634
  },
  "NAT_2170": {
    "ff": 518.0,
    "fsm": 100.0,
    "ffSes": 93.0,
    "fsmSes": 93.0
  },
  "NAT_2707": {
    "ff": 64.0,
    "fsm": 789.0,
    "ffSes": 0,
    "fsmSes": 0
  },
  "NAT_2068": {
    "ff": 74.0,
    "fsm": 80.0,
    "ffSes": 0.0,
    "fsmSes": 20.0
  },
  "NAT_2152": {
    "ff": 363.0,
    "fsm": 190.0,
    "ffSes": 0.0,
    "fsmSes": 158.0
  },
  "NAT_2076": {
    "ff": 961.0,
    "fsm": 1813.0,
    "ffSes": 0,
    "fsmSes": 1671.0
  },
  "NAT_2780": {
    "ff": 46.0,
    "fsm": 196.0,
    "ffSes": 2.0,
    "fsmSes": 20.0
  },